epoch,stage,accuracy,loss,val_accuracy,val_loss,learning_rate
1,head,0.8806763291358948,0.3429862856864929,0.9758698344230652,0.0936306044459343,0.0010000000474974513
2,head,0.9614734053611755,0.11770347505807877,0.9870931506156921,0.05492399260401726,0.0010000000474974513
3,head,0.970652163028717,0.08838395774364471,0.9837261438369751,0.0550743006169796,0.0010000000474974513
4,head,0.9759661555290222,0.07184774428606033,0.9826037883758545,0.05602087080478668,0.0010000000474974513
5,head,0.9809178709983826,0.061883892863988876,0.9876543283462524,0.044430214911699295,0.0005000000237487257
6,head,0.9792270660400391,0.06098697707056999,0.9870931506156921,0.04360248148441315,0.0005000000237487257
7,head,0.9811594486236572,0.05627625435590744,0.9898989796638489,0.04121089354157448,0.0005000000237487257
8,head,0.9811594486236572,0.05471743643283844,0.9870931506156921,0.04480843245983124,0.0005000000237487257
9,finetune,0.9840579628944397,0.04509497433900833,0.9921436309814453,0.025887448340654373,1.9999999494757503e-05
10,finetune,0.9900966286659241,0.028166968375444412,0.9932659864425659,0.024395760148763657,1.9999999494757503e-05
11,finetune,0.9946860074996948,0.017153671011328697,0.9932659864425659,0.019512102007865906,1.9999999494757503e-05
12,finetune,0.9943236708641052,0.0157245472073555,0.9921436309814453,0.028051186352968216,1.9999999494757503e-05
13,finetune,0.9955313801765442,0.012504758313298225,0.9921436309814453,0.030784213915467262,1.9999999494757503e-05
14,finetune,0.9986714720726013,0.005233358591794968,0.9932659864425659,0.021258298307657242,9.999999747378752e-06
15,finetune,0.9991545677185059,0.0034911558032035828,0.9915825128555298,0.03185233101248741,9.999999747378752e-06
