image_path,class_name,source_filename,source_id,capture_time,block_id,true_label,predicted_label,true_class,predicted_class,confidence
train/rottenapples/Screen Shot 2018-06-07 at 2.47.35 PM.png,rottenapples,Screen Shot 2018-06-07 at 2.47.35 PM.png,Screen Shot 2018-06-07 at 2.47.35 PM.png_rottenapples,2018-06-07 14:47:35,rottenapples::block_4,3,3,rottenapples,rottenapples,0.827593
test/rottenapples/Screen Shot 2018-06-07 at 2.47.50 PM.png,rottenapples,Screen Shot 2018-06-07 at 2.47.50 PM.png,Screen Shot 2018-06-07 at 2.47.50 PM.png_rottenapples,2018-06-07 14:47:50,rottenapples::block_4,3,3,rottenapples,rottenapples,0.86873597
train/rottenapples/Screen Shot 2018-06-07 at 2.50.09 PM.png,rottenapples,Screen Shot 2018-06-07 at 2.50.09 PM.png,Screen Shot 2018-06-07 at 2.50.09 PM.png_rottenapples,2018-06-07 14:50:09,rottenapples::block_4,3,1,rottenapples,freshbanana,0.96161807
train/rottenapples/Screen Shot 2018-06-07 at 2.50.31 PM.png,rottenapples,Screen Shot 2018-06-07 at 2.50.31 PM.png,Screen Shot 2018-06-07 at 2.50.31 PM.png_rottenapples,2018-06-07 14:50:31,rottenapples::block_4,3,3,rottenapples,rottenapples,0.8971328
train/rottenapples/Screen Shot 2018-06-07 at 2.50.43 PM.png,rottenapples,Screen Shot 2018-06-07 at 2.50.43 PM.png,Screen Shot 2018-06-07 at 2.50.43 PM.png_rottenapples,2018-06-07 14:50:43,rottenapples::block_4,3,3,rottenapples,rottenapples,0.5519471
train/rottenapples/Screen Shot 2018-06-07 at 2.50.52 PM.png,rottenapples,Screen Shot 2018-06-07 at 2.50.52 PM.png,Screen Shot 2018-06-07 at 2.50.52 PM.png_rottenapples,2018-06-07 14:50:52,rottenapples::block_4,3,3,rottenapples,rottenapples,0.6376731
train/rottenapples/Screen Shot 2018-06-07 at 2.51.01 PM.png,rottenapples,Screen Shot 2018-06-07 at 2.51.01 PM.png,Screen Shot 2018-06-07 at 2.51.01 PM.png_rottenapples,2018-06-07 14:51:01,rottenapples::block_4,3,3,rottenapples,rottenapples,0.7028195
test/rottenapples/Screen Shot 2018-06-07 at 2.51.08 PM.png,rottenapples,Screen Shot 2018-06-07 at 2.51.08 PM.png,Screen Shot 2018-06-07 at 2.51.08 PM.png_rottenapples,2018-06-07 14:51:08,rottenapples::block_4,3,3,rottenapples,rottenapples,0.76741576
test/rottenapples/Screen Shot 2018-06-07 at 2.51.16 PM.png,rottenapples,Screen Shot 2018-06-07 at 2.51.16 PM.png,Screen Shot 2018-06-07 at 2.51.16 PM.png_rottenapples,2018-06-07 14:51:16,rottenapples::block_4,3,3,rottenapples,rottenapples,0.89183235
test/rottenapples/Screen Shot 2018-06-07 at 2.51.37 PM.png,rottenapples,Screen Shot 2018-06-07 at 2.51.37 PM.png,Screen Shot 2018-06-07 at 2.51.37 PM.png_rottenapples,2018-06-07 14:51:37,rottenapples::block_4,3,3,rottenapples,rottenapples,0.8693038
test/rottenapples/Screen Shot 2018-06-07 at 2.51.45 PM.png,rottenapples,Screen Shot 2018-06-07 at 2.51.45 PM.png,Screen Shot 2018-06-07 at 2.51.45 PM.png_rottenapples,2018-06-07 14:51:45,rottenapples::block_4,3,0,rottenapples,freshapples,0.6864443
train/rottenapples/Screen Shot 2018-06-07 at 2.52.00 PM.png,rottenapples,Screen Shot 2018-06-07 at 2.52.00 PM.png,Screen Shot 2018-06-07 at 2.52.00 PM.png_rottenapples,2018-06-07 14:52:00,rottenapples::block_4,3,3,rottenapples,rottenapples,0.767959
train/rottenapples/Screen Shot 2018-06-07 at 2.52.09 PM.png,rottenapples,Screen Shot 2018-06-07 at 2.52.09 PM.png,Screen Shot 2018-06-07 at 2.52.09 PM.png_rottenapples,2018-06-07 14:52:09,rottenapples::block_4,3,3,rottenapples,rottenapples,0.95510435
train/rottenapples/Screen Shot 2018-06-07 at 2.52.22 PM.png,rottenapples,Screen Shot 2018-06-07 at 2.52.22 PM.png,Screen Shot 2018-06-07 at 2.52.22 PM.png_rottenapples,2018-06-07 14:52:22,rottenapples::block_4,3,3,rottenapples,rottenapples,0.6563902
train/rottenapples/Screen Shot 2018-06-07 at 2.52.30 PM.png,rottenapples,Screen Shot 2018-06-07 at 2.52.30 PM.png,Screen Shot 2018-06-07 at 2.52.30 PM.png_rottenapples,2018-06-07 14:52:30,rottenapples::block_4,3,3,rottenapples,rottenapples,0.71882415
train/rottenapples/Screen Shot 2018-06-07 at 2.52.44 PM.png,rottenapples,Screen Shot 2018-06-07 at 2.52.44 PM.png,Screen Shot 2018-06-07 at 2.52.44 PM.png_rottenapples,2018-06-07 14:52:44,rottenapples::block_4,3,3,rottenapples,rottenapples,0.7221869
train/rottenapples/Screen Shot 2018-06-07 at 2.53.20 PM.png,rottenapples,Screen Shot 2018-06-07 at 2.53.20 PM.png,Screen Shot 2018-06-07 at 2.53.20 PM.png_rottenapples,2018-06-07 14:53:20,rottenapples::block_4,3,0,rottenapples,freshapples,0.84240824
train/rottenapples/Screen Shot 2018-06-07 at 2.53.33 PM.png,rottenapples,Screen Shot 2018-06-07 at 2.53.33 PM.png,Screen Shot 2018-06-07 at 2.53.33 PM.png_rottenapples,2018-06-07 14:53:33,rottenapples::block_4,3,0,rottenapples,freshapples,0.8201803
test/rottenapples/Screen Shot 2018-06-07 at 2.53.57 PM.png,rottenapples,Screen Shot 2018-06-07 at 2.53.57 PM.png,Screen Shot 2018-06-07 at 2.53.57 PM.png_rottenapples,2018-06-07 14:53:57,rottenapples::block_4,3,3,rottenapples,rottenapples,0.78007764
train/rottenapples/Screen Shot 2018-06-07 at 2.54.08 PM.png,rottenapples,Screen Shot 2018-06-07 at 2.54.08 PM.png,Screen Shot 2018-06-07 at 2.54.08 PM.png_rottenapples,2018-06-07 14:54:08,rottenapples::block_4,3,0,rottenapples,freshapples,0.7743985
test/rottenapples/Screen Shot 2018-06-07 at 2.54.41 PM.png,rottenapples,Screen Shot 2018-06-07 at 2.54.41 PM.png,Screen Shot 2018-06-07 at 2.54.41 PM.png_rottenapples,2018-06-07 14:54:41,rottenapples::block_4,3,1,rottenapples,freshbanana,0.5909716
train/rottenapples/Screen Shot 2018-06-07 at 2.54.49 PM.png,rottenapples,Screen Shot 2018-06-07 at 2.54.49 PM.png,Screen Shot 2018-06-07 at 2.54.49 PM.png_rottenapples,2018-06-07 14:54:49,rottenapples::block_4,3,3,rottenapples,rottenapples,0.78990275
train/rottenapples/Screen Shot 2018-06-07 at 2.54.58 PM.png,rottenapples,Screen Shot 2018-06-07 at 2.54.58 PM.png,Screen Shot 2018-06-07 at 2.54.58 PM.png_rottenapples,2018-06-07 14:54:58,rottenapples::block_4,3,3,rottenapples,rottenapples,0.5772502
train/rottenapples/Screen Shot 2018-06-07 at 2.55.27 PM.png,rottenapples,Screen Shot 2018-06-07 at 2.55.27 PM.png,Screen Shot 2018-06-07 at 2.55.27 PM.png_rottenapples,2018-06-07 14:55:27,rottenapples::block_4,3,3,rottenapples,rottenapples,0.952315
train/rottenapples/Screen Shot 2018-06-07 at 2.55.52 PM.png,rottenapples,Screen Shot 2018-06-07 at 2.55.52 PM.png,Screen Shot 2018-06-07 at 2.55.52 PM.png_rottenapples,2018-06-07 14:55:52,rottenapples::block_4,3,3,rottenapples,rottenapples,0.7243937
test/rottenapples/Screen Shot 2018-06-08 at 2.25.04 PM.png,rottenapples,Screen Shot 2018-06-08 at 2.25.04 PM.png,Screen Shot 2018-06-08 at 2.25.04 PM.png_rottenapples,2018-06-08 14:25:04,rottenapples::block_8,3,3,rottenapples,rottenapples,0.7906134
test/rottenapples/Screen Shot 2018-06-08 at 2.25.17 PM.png,rottenapples,Screen Shot 2018-06-08 at 2.25.17 PM.png,Screen Shot 2018-06-08 at 2.25.17 PM.png_rottenapples,2018-06-08 14:25:17,rottenapples::block_8,3,3,rottenapples,rottenapples,0.86353904
test/rottenapples/Screen Shot 2018-06-08 at 2.25.24 PM.png,rottenapples,Screen Shot 2018-06-08 at 2.25.24 PM.png,Screen Shot 2018-06-08 at 2.25.24 PM.png_rottenapples,2018-06-08 14:25:24,rottenapples::block_8,3,3,rottenapples,rottenapples,0.49409997
train/rottenapples/Screen Shot 2018-06-08 at 2.25.43 PM.png,rottenapples,Screen Shot 2018-06-08 at 2.25.43 PM.png,Screen Shot 2018-06-08 at 2.25.43 PM.png_rottenapples,2018-06-08 14:25:43,rottenapples::block_8,3,2,rottenapples,freshoranges,0.44060525
test/rottenapples/Screen Shot 2018-06-08 at 2.26.09 PM.png,rottenapples,Screen Shot 2018-06-08 at 2.26.09 PM.png,Screen Shot 2018-06-08 at 2.26.09 PM.png_rottenapples,2018-06-08 14:26:09,rottenapples::block_8,3,3,rottenapples,rottenapples,0.8860289
train/rottenapples/Screen Shot 2018-06-08 at 2.26.14 PM.png,rottenapples,Screen Shot 2018-06-08 at 2.26.14 PM.png,Screen Shot 2018-06-08 at 2.26.14 PM.png_rottenapples,2018-06-08 14:26:14,rottenapples::block_8,3,3,rottenapples,rottenapples,0.9060875
train/rottenapples/Screen Shot 2018-06-08 at 2.26.34 PM.png,rottenapples,Screen Shot 2018-06-08 at 2.26.34 PM.png,Screen Shot 2018-06-08 at 2.26.34 PM.png_rottenapples,2018-06-08 14:26:34,rottenapples::block_8,3,3,rottenapples,rottenapples,0.4022091
train/rottenapples/Screen Shot 2018-06-08 at 2.26.44 PM.png,rottenapples,Screen Shot 2018-06-08 at 2.26.44 PM.png,Screen Shot 2018-06-08 at 2.26.44 PM.png_rottenapples,2018-06-08 14:26:44,rottenapples::block_8,3,3,rottenapples,rottenapples,0.5600694
test/rottenapples/Screen Shot 2018-06-08 at 2.26.55 PM.png,rottenapples,Screen Shot 2018-06-08 at 2.26.55 PM.png,Screen Shot 2018-06-08 at 2.26.55 PM.png_rottenapples,2018-06-08 14:26:55,rottenapples::block_8,3,3,rottenapples,rottenapples,0.7881972
train/rottenapples/Screen Shot 2018-06-08 at 2.27.15 PM.png,rottenapples,Screen Shot 2018-06-08 at 2.27.15 PM.png,Screen Shot 2018-06-08 at 2.27.15 PM.png_rottenapples,2018-06-08 14:27:15,rottenapples::block_8,3,3,rottenapples,rottenapples,0.6504602
train/rottenapples/Screen Shot 2018-06-08 at 2.27.44 PM.png,rottenapples,Screen Shot 2018-06-08 at 2.27.44 PM.png,Screen Shot 2018-06-08 at 2.27.44 PM.png_rottenapples,2018-06-08 14:27:44,rottenapples::block_8,3,3,rottenapples,rottenapples,0.91701984
train/rottenapples/Screen Shot 2018-06-08 at 2.28.00 PM.png,rottenapples,Screen Shot 2018-06-08 at 2.28.00 PM.png,Screen Shot 2018-06-08 at 2.28.00 PM.png_rottenapples,2018-06-08 14:28:00,rottenapples::block_8,3,3,rottenapples,rottenapples,0.9151485
test/rottenapples/Screen Shot 2018-06-08 at 2.28.07 PM.png,rottenapples,Screen Shot 2018-06-08 at 2.28.07 PM.png,Screen Shot 2018-06-08 at 2.28.07 PM.png_rottenapples,2018-06-08 14:28:07,rottenapples::block_8,3,3,rottenapples,rottenapples,0.8943235
train/rottenapples/Screen Shot 2018-06-08 at 2.28.12 PM.png,rottenapples,Screen Shot 2018-06-08 at 2.28.12 PM.png,Screen Shot 2018-06-08 at 2.28.12 PM.png_rottenapples,2018-06-08 14:28:12,rottenapples::block_8,3,3,rottenapples,rottenapples,0.900843
train/rottenapples/Screen Shot 2018-06-08 at 2.28.23 PM.png,rottenapples,Screen Shot 2018-06-08 at 2.28.23 PM.png,Screen Shot 2018-06-08 at 2.28.23 PM.png_rottenapples,2018-06-08 14:28:23,rottenapples::block_8,3,0,rottenapples,freshapples,0.96650565
train/rottenapples/Screen Shot 2018-06-08 at 2.28.42 PM.png,rottenapples,Screen Shot 2018-06-08 at 2.28.42 PM.png,Screen Shot 2018-06-08 at 2.28.42 PM.png_rottenapples,2018-06-08 14:28:42,rottenapples::block_8,3,3,rottenapples,rottenapples,0.74373746
test/rottenapples/Screen Shot 2018-06-08 at 2.29.10 PM.png,rottenapples,Screen Shot 2018-06-08 at 2.29.10 PM.png,Screen Shot 2018-06-08 at 2.29.10 PM.png_rottenapples,2018-06-08 14:29:10,rottenapples::block_8,3,3,rottenapples,rottenapples,0.7824839
test/rottenapples/Screen Shot 2018-06-08 at 2.29.20 PM.png,rottenapples,Screen Shot 2018-06-08 at 2.29.20 PM.png,Screen Shot 2018-06-08 at 2.29.20 PM.png_rottenapples,2018-06-08 14:29:20,rottenapples::block_8,3,3,rottenapples,rottenapples,0.868437
train/rottenapples/Screen Shot 2018-06-08 at 2.29.33 PM.png,rottenapples,Screen Shot 2018-06-08 at 2.29.33 PM.png,Screen Shot 2018-06-08 at 2.29.33 PM.png_rottenapples,2018-06-08 14:29:33,rottenapples::block_8,3,3,rottenapples,rottenapples,0.91095823
train/rottenapples/Screen Shot 2018-06-08 at 2.29.55 PM.png,rottenapples,Screen Shot 2018-06-08 at 2.29.55 PM.png,Screen Shot 2018-06-08 at 2.29.55 PM.png_rottenapples,2018-06-08 14:29:55,rottenapples::block_8,3,3,rottenapples,rottenapples,0.9157874
train/rottenapples/Screen Shot 2018-06-08 at 2.30.03 PM.png,rottenapples,Screen Shot 2018-06-08 at 2.30.03 PM.png,Screen Shot 2018-06-08 at 2.30.03 PM.png_rottenapples,2018-06-08 14:30:03,rottenapples::block_8,3,3,rottenapples,rottenapples,0.86049014
train/rottenapples/Screen Shot 2018-06-08 at 2.30.26 PM.png,rottenapples,Screen Shot 2018-06-08 at 2.30.26 PM.png,Screen Shot 2018-06-08 at 2.30.26 PM.png_rottenapples,2018-06-08 14:30:26,rottenapples::block_8,3,3,rottenapples,rottenapples,0.74597484
train/rottenapples/Screen Shot 2018-06-08 at 2.30.31 PM.png,rottenapples,Screen Shot 2018-06-08 at 2.30.31 PM.png,Screen Shot 2018-06-08 at 2.30.31 PM.png_rottenapples,2018-06-08 14:30:31,rottenapples::block_8,3,3,rottenapples,rottenapples,0.85467213
train/rottenapples/Screen Shot 2018-06-08 at 2.30.40 PM.png,rottenapples,Screen Shot 2018-06-08 at 2.30.40 PM.png,Screen Shot 2018-06-08 at 2.30.40 PM.png_rottenapples,2018-06-08 14:30:40,rottenapples::block_8,3,3,rottenapples,rottenapples,0.8921657
test/rottenapples/Screen Shot 2018-06-08 at 2.30.45 PM.png,rottenapples,Screen Shot 2018-06-08 at 2.30.45 PM.png,Screen Shot 2018-06-08 at 2.30.45 PM.png_rottenapples,2018-06-08 14:30:45,rottenapples::block_8,3,3,rottenapples,rottenapples,0.9097764
test/rottenapples/Screen Shot 2018-06-08 at 2.52.57 PM.png,rottenapples,Screen Shot 2018-06-08 at 2.52.57 PM.png,Screen Shot 2018-06-08 at 2.52.57 PM.png_rottenapples,2018-06-08 14:52:57,rottenapples::block_13,3,3,rottenapples,rottenapples,0.7544261
train/rottenapples/Screen Shot 2018-06-08 at 2.53.14 PM.png,rottenapples,Screen Shot 2018-06-08 at 2.53.14 PM.png,Screen Shot 2018-06-08 at 2.53.14 PM.png_rottenapples,2018-06-08 14:53:14,rottenapples::block_13,3,3,rottenapples,rottenapples,0.6872212
train/freshapples/Screen Shot 2018-06-08 at 5.16.49 PM.png,freshapples,Screen Shot 2018-06-08 at 5.16.49 PM.png,Screen Shot 2018-06-08 at 5.16.49 PM.png_freshapples,2018-06-08 17:16:49,freshapples::block_5,0,0,freshapples,freshapples,0.9603744
train/freshapples/Screen Shot 2018-06-08 at 5.16.57 PM.png,freshapples,Screen Shot 2018-06-08 at 5.16.57 PM.png,Screen Shot 2018-06-08 at 5.16.57 PM.png_freshapples,2018-06-08 17:16:57,freshapples::block_5,0,0,freshapples,freshapples,0.9912703
train/freshapples/Screen Shot 2018-06-08 at 5.17.04 PM.png,freshapples,Screen Shot 2018-06-08 at 5.17.04 PM.png,Screen Shot 2018-06-08 at 5.17.04 PM.png_freshapples,2018-06-08 17:17:04,freshapples::block_5,0,0,freshapples,freshapples,0.99937725
train/freshapples/Screen Shot 2018-06-08 at 5.17.10 PM.png,freshapples,Screen Shot 2018-06-08 at 5.17.10 PM.png,Screen Shot 2018-06-08 at 5.17.10 PM.png_freshapples,2018-06-08 17:17:10,freshapples::block_5,0,0,freshapples,freshapples,0.99999905
train/freshapples/Screen Shot 2018-06-08 at 5.17.22 PM.png,freshapples,Screen Shot 2018-06-08 at 5.17.22 PM.png,Screen Shot 2018-06-08 at 5.17.22 PM.png_freshapples,2018-06-08 17:17:22,freshapples::block_5,0,0,freshapples,freshapples,0.9842218
train/freshapples/Screen Shot 2018-06-08 at 5.17.34 PM.png,freshapples,Screen Shot 2018-06-08 at 5.17.34 PM.png,Screen Shot 2018-06-08 at 5.17.34 PM.png_freshapples,2018-06-08 17:17:34,freshapples::block_5,0,0,freshapples,freshapples,0.9842606
train/freshapples/Screen Shot 2018-06-08 at 5.17.42 PM.png,freshapples,Screen Shot 2018-06-08 at 5.17.42 PM.png,Screen Shot 2018-06-08 at 5.17.42 PM.png_freshapples,2018-06-08 17:17:42,freshapples::block_5,0,0,freshapples,freshapples,1.0
test/freshapples/Screen Shot 2018-06-08 at 5.17.58 PM.png,freshapples,Screen Shot 2018-06-08 at 5.17.58 PM.png,Screen Shot 2018-06-08 at 5.17.58 PM.png_freshapples,2018-06-08 17:17:58,freshapples::block_5,0,0,freshapples,freshapples,0.97970206
train/freshapples/Screen Shot 2018-06-08 at 5.18.12 PM.png,freshapples,Screen Shot 2018-06-08 at 5.18.12 PM.png,Screen Shot 2018-06-08 at 5.18.12 PM.png_freshapples,2018-06-08 17:18:12,freshapples::block_5,0,0,freshapples,freshapples,0.91439116
train/freshapples/Screen Shot 2018-06-08 at 5.18.16 PM.png,freshapples,Screen Shot 2018-06-08 at 5.18.16 PM.png,Screen Shot 2018-06-08 at 5.18.16 PM.png_freshapples,2018-06-08 17:18:16,freshapples::block_5,0,3,freshapples,rottenapples,0.6462702
train/freshapples/Screen Shot 2018-06-08 at 5.18.26 PM.png,freshapples,Screen Shot 2018-06-08 at 5.18.26 PM.png,Screen Shot 2018-06-08 at 5.18.26 PM.png_freshapples,2018-06-08 17:18:26,freshapples::block_5,0,0,freshapples,freshapples,0.9689756
train/freshapples/Screen Shot 2018-06-08 at 5.18.37 PM.png,freshapples,Screen Shot 2018-06-08 at 5.18.37 PM.png,Screen Shot 2018-06-08 at 5.18.37 PM.png_freshapples,2018-06-08 17:18:37,freshapples::block_5,0,0,freshapples,freshapples,0.9985933
train/freshapples/Screen Shot 2018-06-08 at 5.18.42 PM.png,freshapples,Screen Shot 2018-06-08 at 5.18.42 PM.png,Screen Shot 2018-06-08 at 5.18.42 PM.png_freshapples,2018-06-08 17:18:42,freshapples::block_5,0,0,freshapples,freshapples,0.99994886
train/freshapples/Screen Shot 2018-06-08 at 5.18.51 PM.png,freshapples,Screen Shot 2018-06-08 at 5.18.51 PM.png,Screen Shot 2018-06-08 at 5.18.51 PM.png_freshapples,2018-06-08 17:18:51,freshapples::block_5,0,0,freshapples,freshapples,0.9999994
train/freshapples/Screen Shot 2018-06-08 at 5.18.58 PM.png,freshapples,Screen Shot 2018-06-08 at 5.18.58 PM.png,Screen Shot 2018-06-08 at 5.18.58 PM.png_freshapples,2018-06-08 17:18:58,freshapples::block_5,0,0,freshapples,freshapples,0.9999149
train/freshapples/Screen Shot 2018-06-08 at 5.19.15 PM.png,freshapples,Screen Shot 2018-06-08 at 5.19.15 PM.png,Screen Shot 2018-06-08 at 5.19.15 PM.png_freshapples,2018-06-08 17:19:15,freshapples::block_5,0,3,freshapples,rottenapples,0.5373141
train/freshapples/Screen Shot 2018-06-08 at 5.19.28 PM.png,freshapples,Screen Shot 2018-06-08 at 5.19.28 PM.png,Screen Shot 2018-06-08 at 5.19.28 PM.png_freshapples,2018-06-08 17:19:28,freshapples::block_5,0,0,freshapples,freshapples,0.9704188
train/freshapples/Screen Shot 2018-06-08 at 5.19.35 PM.png,freshapples,Screen Shot 2018-06-08 at 5.19.35 PM.png,Screen Shot 2018-06-08 at 5.19.35 PM.png_freshapples,2018-06-08 17:19:35,freshapples::block_5,0,0,freshapples,freshapples,0.9993025
train/freshapples/Screen Shot 2018-06-08 at 5.19.47 PM.png,freshapples,Screen Shot 2018-06-08 at 5.19.47 PM.png,Screen Shot 2018-06-08 at 5.19.47 PM.png_freshapples,2018-06-08 17:19:47,freshapples::block_5,0,0,freshapples,freshapples,0.98573154
test/freshapples/Screen Shot 2018-06-08 at 5.19.58 PM.png,freshapples,Screen Shot 2018-06-08 at 5.19.58 PM.png,Screen Shot 2018-06-08 at 5.19.58 PM.png_freshapples,2018-06-08 17:19:58,freshapples::block_5,0,0,freshapples,freshapples,0.72932035
train/freshapples/Screen Shot 2018-06-08 at 5.20.08 PM.png,freshapples,Screen Shot 2018-06-08 at 5.20.08 PM.png,Screen Shot 2018-06-08 at 5.20.08 PM.png_freshapples,2018-06-08 17:20:08,freshapples::block_5,0,0,freshapples,freshapples,0.9978955
train/freshapples/Screen Shot 2018-06-08 at 5.20.17 PM.png,freshapples,Screen Shot 2018-06-08 at 5.20.17 PM.png,Screen Shot 2018-06-08 at 5.20.17 PM.png_freshapples,2018-06-08 17:20:17,freshapples::block_5,0,0,freshapples,freshapples,0.999998
train/freshapples/Screen Shot 2018-06-08 at 5.20.26 PM.png,freshapples,Screen Shot 2018-06-08 at 5.20.26 PM.png,Screen Shot 2018-06-08 at 5.20.26 PM.png_freshapples,2018-06-08 17:20:26,freshapples::block_5,0,0,freshapples,freshapples,0.9507504
train/freshapples/Screen Shot 2018-06-08 at 5.20.32 PM.png,freshapples,Screen Shot 2018-06-08 at 5.20.32 PM.png,Screen Shot 2018-06-08 at 5.20.32 PM.png_freshapples,2018-06-08 17:20:32,freshapples::block_5,0,0,freshapples,freshapples,0.9970382
train/freshapples/Screen Shot 2018-06-08 at 5.20.42 PM.png,freshapples,Screen Shot 2018-06-08 at 5.20.42 PM.png,Screen Shot 2018-06-08 at 5.20.42 PM.png_freshapples,2018-06-08 17:20:42,freshapples::block_5,0,0,freshapples,freshapples,0.99999976
train/freshapples/Screen Shot 2018-06-08 at 5.33.33 PM.png,freshapples,Screen Shot 2018-06-08 at 5.33.33 PM.png,Screen Shot 2018-06-08 at 5.33.33 PM.png_freshapples,2018-06-08 17:33:33,freshapples::block_9,0,3,freshapples,rottenapples,0.6394714
train/freshapples/Screen Shot 2018-06-08 at 5.33.47 PM.png,freshapples,Screen Shot 2018-06-08 at 5.33.47 PM.png,Screen Shot 2018-06-08 at 5.33.47 PM.png_freshapples,2018-06-08 17:33:47,freshapples::block_9,0,0,freshapples,freshapples,0.9999993
train/freshapples/Screen Shot 2018-06-08 at 5.33.55 PM.png,freshapples,Screen Shot 2018-06-08 at 5.33.55 PM.png,Screen Shot 2018-06-08 at 5.33.55 PM.png_freshapples,2018-06-08 17:33:55,freshapples::block_9,0,0,freshapples,freshapples,0.9999927
train/freshapples/Screen Shot 2018-06-08 at 5.34.01 PM.png,freshapples,Screen Shot 2018-06-08 at 5.34.01 PM.png,Screen Shot 2018-06-08 at 5.34.01 PM.png_freshapples,2018-06-08 17:34:01,freshapples::block_9,0,0,freshapples,freshapples,0.99707055
test/freshapples/Screen Shot 2018-06-08 at 5.34.07 PM.png,freshapples,Screen Shot 2018-06-08 at 5.34.07 PM.png,Screen Shot 2018-06-08 at 5.34.07 PM.png_freshapples,2018-06-08 17:34:07,freshapples::block_9,0,0,freshapples,freshapples,0.99998
train/freshapples/Screen Shot 2018-06-08 at 5.34.14 PM.png,freshapples,Screen Shot 2018-06-08 at 5.34.14 PM.png,Screen Shot 2018-06-08 at 5.34.14 PM.png_freshapples,2018-06-08 17:34:14,freshapples::block_9,0,0,freshapples,freshapples,0.93056744
train/freshapples/Screen Shot 2018-06-08 at 5.34.21 PM.png,freshapples,Screen Shot 2018-06-08 at 5.34.21 PM.png,Screen Shot 2018-06-08 at 5.34.21 PM.png_freshapples,2018-06-08 17:34:21,freshapples::block_9,0,0,freshapples,freshapples,0.9999999
train/freshbanana/Screen Shot 2018-06-12 at 10.00.00 PM.png,freshbanana,Screen Shot 2018-06-12 at 10.00.00 PM.png,Screen Shot 2018-06-12 at 10.00.00 PM.png_freshbanana,2018-06-12 22:00:00,freshbanana::block_6,1,1,freshbanana,freshbanana,0.9764683
train/freshbanana/Screen Shot 2018-06-12 at 10.00.07 PM.png,freshbanana,Screen Shot 2018-06-12 at 10.00.07 PM.png,Screen Shot 2018-06-12 at 10.00.07 PM.png_freshbanana,2018-06-12 22:00:07,freshbanana::block_6,1,1,freshbanana,freshbanana,0.7134929
train/rottenoranges/Screen Shot 2018-06-12 at 11.27.26 PM.png,rottenoranges,Screen Shot 2018-06-12 at 11.27.26 PM.png,Screen Shot 2018-06-12 at 11.27.26 PM.png_rottenoranges,2018-06-12 23:27:26,rottenoranges::block_3,5,5,rottenoranges,rottenoranges,0.3638084
train/rottenoranges/Screen Shot 2018-06-12 at 11.27.30 PM.png,rottenoranges,Screen Shot 2018-06-12 at 11.27.30 PM.png,Screen Shot 2018-06-12 at 11.27.30 PM.png_rottenoranges,2018-06-12 23:27:30,rottenoranges::block_3,5,5,rottenoranges,rottenoranges,0.9142675
train/rottenoranges/Screen Shot 2018-06-12 at 11.27.38 PM.png,rottenoranges,Screen Shot 2018-06-12 at 11.27.38 PM.png,Screen Shot 2018-06-12 at 11.27.38 PM.png_rottenoranges,2018-06-12 23:27:38,rottenoranges::block_3,5,5,rottenoranges,rottenoranges,0.7947003
train/rottenoranges/Screen Shot 2018-06-12 at 11.27.46 PM.png,rottenoranges,Screen Shot 2018-06-12 at 11.27.46 PM.png,Screen Shot 2018-06-12 at 11.27.46 PM.png_rottenoranges,2018-06-12 23:27:46,rottenoranges::block_3,5,5,rottenoranges,rottenoranges,0.7260552
train/rottenoranges/Screen Shot 2018-06-12 at 11.27.52 PM.png,rottenoranges,Screen Shot 2018-06-12 at 11.27.52 PM.png,Screen Shot 2018-06-12 at 11.27.52 PM.png_rottenoranges,2018-06-12 23:27:52,rottenoranges::block_3,5,3,rottenoranges,rottenapples,0.6992036
train/rottenoranges/Screen Shot 2018-06-12 at 11.27.55 PM.png,rottenoranges,Screen Shot 2018-06-12 at 11.27.55 PM.png,Screen Shot 2018-06-12 at 11.27.55 PM.png_rottenoranges,2018-06-12 23:27:55,rottenoranges::block_3,5,3,rottenoranges,rottenapples,0.9528459
train/rottenoranges/Screen Shot 2018-06-12 at 11.28.00 PM.png,rottenoranges,Screen Shot 2018-06-12 at 11.28.00 PM.png,Screen Shot 2018-06-12 at 11.28.00 PM.png_rottenoranges,2018-06-12 23:28:00,rottenoranges::block_3,5,2,rottenoranges,freshoranges,0.51161426
train/rottenoranges/Screen Shot 2018-06-12 at 11.28.04 PM.png,rottenoranges,Screen Shot 2018-06-12 at 11.28.04 PM.png,Screen Shot 2018-06-12 at 11.28.04 PM.png_rottenoranges,2018-06-12 23:28:04,rottenoranges::block_3,5,3,rottenoranges,rottenapples,0.33811626
train/rottenoranges/Screen Shot 2018-06-12 at 11.28.08 PM.png,rottenoranges,Screen Shot 2018-06-12 at 11.28.08 PM.png,Screen Shot 2018-06-12 at 11.28.08 PM.png_rottenoranges,2018-06-12 23:28:08,rottenoranges::block_3,5,5,rottenoranges,rottenoranges,0.7186821
train/rottenoranges/Screen Shot 2018-06-12 at 11.28.12 PM.png,rottenoranges,Screen Shot 2018-06-12 at 11.28.12 PM.png,Screen Shot 2018-06-12 at 11.28.12 PM.png_rottenoranges,2018-06-12 23:28:12,rottenoranges::block_3,5,3,rottenoranges,rottenapples,0.43663177
train/rottenoranges/Screen Shot 2018-06-12 at 11.28.17 PM.png,rottenoranges,Screen Shot 2018-06-12 at 11.28.17 PM.png,Screen Shot 2018-06-12 at 11.28.17 PM.png_rottenoranges,2018-06-12 23:28:17,rottenoranges::block_3,5,3,rottenoranges,rottenapples,0.80873454
test/rottenoranges/Screen Shot 2018-06-12 at 11.28.21 PM.png,rottenoranges,Screen Shot 2018-06-12 at 11.28.21 PM.png,Screen Shot 2018-06-12 at 11.28.21 PM.png_rottenoranges,2018-06-12 23:28:21,rottenoranges::block_3,5,3,rottenoranges,rottenapples,0.39617282
train/rottenoranges/Screen Shot 2018-06-12 at 11.28.28 PM.png,rottenoranges,Screen Shot 2018-06-12 at 11.28.28 PM.png,Screen Shot 2018-06-12 at 11.28.28 PM.png_rottenoranges,2018-06-12 23:28:28,rottenoranges::block_3,5,3,rottenoranges,rottenapples,0.5319027
train/rottenoranges/Screen Shot 2018-06-12 at 11.28.33 PM.png,rottenoranges,Screen Shot 2018-06-12 at 11.28.33 PM.png,Screen Shot 2018-06-12 at 11.28.33 PM.png_rottenoranges,2018-06-12 23:28:33,rottenoranges::block_3,5,3,rottenoranges,rottenapples,0.5130546
train/rottenoranges/Screen Shot 2018-06-12 at 11.28.50 PM.png,rottenoranges,Screen Shot 2018-06-12 at 11.28.50 PM.png,Screen Shot 2018-06-12 at 11.28.50 PM.png_rottenoranges,2018-06-12 23:28:50,rottenoranges::block_3,5,3,rottenoranges,rottenapples,0.49248216
train/rottenoranges/Screen Shot 2018-06-12 at 11.29.03 PM.png,rottenoranges,Screen Shot 2018-06-12 at 11.29.03 PM.png,Screen Shot 2018-06-12 at 11.29.03 PM.png_rottenoranges,2018-06-12 23:29:03,rottenoranges::block_3,5,5,rottenoranges,rottenoranges,0.7863374
train/rottenoranges/Screen Shot 2018-06-12 at 11.29.10 PM.png,rottenoranges,Screen Shot 2018-06-12 at 11.29.10 PM.png,Screen Shot 2018-06-12 at 11.29.10 PM.png_rottenoranges,2018-06-12 23:29:10,rottenoranges::block_3,5,5,rottenoranges,rottenoranges,0.87844807
train/rottenoranges/Screen Shot 2018-06-12 at 11.29.14 PM.png,rottenoranges,Screen Shot 2018-06-12 at 11.29.14 PM.png,Screen Shot 2018-06-12 at 11.29.14 PM.png_rottenoranges,2018-06-12 23:29:14,rottenoranges::block_3,5,3,rottenoranges,rottenapples,0.88728607
train/rottenoranges/Screen Shot 2018-06-12 at 11.29.21 PM.png,rottenoranges,Screen Shot 2018-06-12 at 11.29.21 PM.png,Screen Shot 2018-06-12 at 11.29.21 PM.png_rottenoranges,2018-06-12 23:29:21,rottenoranges::block_3,5,3,rottenoranges,rottenapples,0.4212007
train/rottenoranges/Screen Shot 2018-06-12 at 11.29.26 PM.png,rottenoranges,Screen Shot 2018-06-12 at 11.29.26 PM.png,Screen Shot 2018-06-12 at 11.29.26 PM.png_rottenoranges,2018-06-12 23:29:26,rottenoranges::block_3,5,5,rottenoranges,rottenoranges,0.7585119
test/rottenoranges/Screen Shot 2018-06-12 at 11.29.31 PM.png,rottenoranges,Screen Shot 2018-06-12 at 11.29.31 PM.png,Screen Shot 2018-06-12 at 11.29.31 PM.png_rottenoranges,2018-06-12 23:29:31,rottenoranges::block_3,5,3,rottenoranges,rottenapples,0.680745
train/rottenoranges/Screen Shot 2018-06-12 at 11.29.36 PM.png,rottenoranges,Screen Shot 2018-06-12 at 11.29.36 PM.png,Screen Shot 2018-06-12 at 11.29.36 PM.png_rottenoranges,2018-06-12 23:29:36,rottenoranges::block_3,5,3,rottenoranges,rottenapples,0.6017123
test/rottenoranges/Screen Shot 2018-06-12 at 11.29.44 PM.png,rottenoranges,Screen Shot 2018-06-12 at 11.29.44 PM.png,Screen Shot 2018-06-12 at 11.29.44 PM.png_rottenoranges,2018-06-12 23:29:44,rottenoranges::block_3,5,5,rottenoranges,rottenoranges,0.7944645
train/rottenoranges/Screen Shot 2018-06-12 at 11.29.51 PM.png,rottenoranges,Screen Shot 2018-06-12 at 11.29.51 PM.png,Screen Shot 2018-06-12 at 11.29.51 PM.png_rottenoranges,2018-06-12 23:29:51,rottenoranges::block_3,5,5,rottenoranges,rottenoranges,0.7003098
train/rottenoranges/Screen Shot 2018-06-12 at 11.29.58 PM.png,rottenoranges,Screen Shot 2018-06-12 at 11.29.58 PM.png,Screen Shot 2018-06-12 at 11.29.58 PM.png_rottenoranges,2018-06-12 23:29:58,rottenoranges::block_3,5,5,rottenoranges,rottenoranges,0.56917244
train/rottenbanana/Screen Shot 2018-06-12 at 9.03.12 PM.png,rottenbanana,Screen Shot 2018-06-12 at 9.03.12 PM.png,Screen Shot 2018-06-12 at 9.03.12 PM.png_rottenbanana,2018-06-12 21:03:12,rottenbanana::block_5,4,4,rottenbanana,rottenbanana,0.99822575
train/rottenbanana/Screen Shot 2018-06-12 at 9.03.17 PM.png,rottenbanana,Screen Shot 2018-06-12 at 9.03.17 PM.png,Screen Shot 2018-06-12 at 9.03.17 PM.png_rottenbanana,2018-06-12 21:03:17,rottenbanana::block_5,4,4,rottenbanana,rottenbanana,0.9945537
train/rottenbanana/Screen Shot 2018-06-12 at 9.03.21 PM.png,rottenbanana,Screen Shot 2018-06-12 at 9.03.21 PM.png,Screen Shot 2018-06-12 at 9.03.21 PM.png_rottenbanana,2018-06-12 21:03:21,rottenbanana::block_5,4,4,rottenbanana,rottenbanana,0.9476666
train/rottenbanana/Screen Shot 2018-06-12 at 9.03.25 PM.png,rottenbanana,Screen Shot 2018-06-12 at 9.03.25 PM.png,Screen Shot 2018-06-12 at 9.03.25 PM.png_rottenbanana,2018-06-12 21:03:25,rottenbanana::block_5,4,4,rottenbanana,rottenbanana,0.9674201
train/rottenbanana/Screen Shot 2018-06-12 at 9.03.30 PM.png,rottenbanana,Screen Shot 2018-06-12 at 9.03.30 PM.png,Screen Shot 2018-06-12 at 9.03.30 PM.png_rottenbanana,2018-06-12 21:03:30,rottenbanana::block_5,4,4,rottenbanana,rottenbanana,0.99021053
test/rottenbanana/Screen Shot 2018-06-12 at 9.03.34 PM.png,rottenbanana,Screen Shot 2018-06-12 at 9.03.34 PM.png,Screen Shot 2018-06-12 at 9.03.34 PM.png_rottenbanana,2018-06-12 21:03:34,rottenbanana::block_5,4,4,rottenbanana,rottenbanana,0.9980756
train/rottenbanana/Screen Shot 2018-06-12 at 9.03.40 PM.png,rottenbanana,Screen Shot 2018-06-12 at 9.03.40 PM.png,Screen Shot 2018-06-12 at 9.03.40 PM.png_rottenbanana,2018-06-12 21:03:40,rottenbanana::block_5,4,4,rottenbanana,rottenbanana,0.92853355
train/rottenbanana/Screen Shot 2018-06-12 at 9.03.46 PM.png,rottenbanana,Screen Shot 2018-06-12 at 9.03.46 PM.png,Screen Shot 2018-06-12 at 9.03.46 PM.png_rottenbanana,2018-06-12 21:03:46,rottenbanana::block_5,4,4,rottenbanana,rottenbanana,0.5627041
train/rottenbanana/Screen Shot 2018-06-12 at 9.03.51 PM.png,rottenbanana,Screen Shot 2018-06-12 at 9.03.51 PM.png,Screen Shot 2018-06-12 at 9.03.51 PM.png_rottenbanana,2018-06-12 21:03:51,rottenbanana::block_5,4,4,rottenbanana,rottenbanana,0.98645496
train/rottenbanana/Screen Shot 2018-06-12 at 9.03.55 PM.png,rottenbanana,Screen Shot 2018-06-12 at 9.03.55 PM.png,Screen Shot 2018-06-12 at 9.03.55 PM.png_rottenbanana,2018-06-12 21:03:55,rottenbanana::block_5,4,4,rottenbanana,rottenbanana,0.5494957
train/rottenbanana/Screen Shot 2018-06-12 at 9.04.01 PM.png,rottenbanana,Screen Shot 2018-06-12 at 9.04.01 PM.png,Screen Shot 2018-06-12 at 9.04.01 PM.png_rottenbanana,2018-06-12 21:04:01,rottenbanana::block_5,4,4,rottenbanana,rottenbanana,0.9980173
train/rottenbanana/Screen Shot 2018-06-12 at 9.04.08 PM.png,rottenbanana,Screen Shot 2018-06-12 at 9.04.08 PM.png,Screen Shot 2018-06-12 at 9.04.08 PM.png_rottenbanana,2018-06-12 21:04:08,rottenbanana::block_5,4,4,rottenbanana,rottenbanana,0.78343016
test/rottenbanana/Screen Shot 2018-06-12 at 9.04.15 PM.png,rottenbanana,Screen Shot 2018-06-12 at 9.04.15 PM.png,Screen Shot 2018-06-12 at 9.04.15 PM.png_rottenbanana,2018-06-12 21:04:15,rottenbanana::block_5,4,4,rottenbanana,rottenbanana,0.9848461
train/rottenbanana/Screen Shot 2018-06-12 at 9.04.19 PM.png,rottenbanana,Screen Shot 2018-06-12 at 9.04.19 PM.png,Screen Shot 2018-06-12 at 9.04.19 PM.png_rottenbanana,2018-06-12 21:04:19,rottenbanana::block_5,4,4,rottenbanana,rottenbanana,0.84902257
test/rottenbanana/Screen Shot 2018-06-12 at 9.04.41 PM.png,rottenbanana,Screen Shot 2018-06-12 at 9.04.41 PM.png,Screen Shot 2018-06-12 at 9.04.41 PM.png_rottenbanana,2018-06-12 21:04:41,rottenbanana::block_5,4,4,rottenbanana,rottenbanana,0.75661206
test/rottenbanana/Screen Shot 2018-06-12 at 9.04.47 PM.png,rottenbanana,Screen Shot 2018-06-12 at 9.04.47 PM.png,Screen Shot 2018-06-12 at 9.04.47 PM.png_rottenbanana,2018-06-12 21:04:47,rottenbanana::block_5,4,4,rottenbanana,rottenbanana,0.9164434
train/rottenbanana/Screen Shot 2018-06-12 at 9.04.56 PM.png,rottenbanana,Screen Shot 2018-06-12 at 9.04.56 PM.png,Screen Shot 2018-06-12 at 9.04.56 PM.png_rottenbanana,2018-06-12 21:04:56,rottenbanana::block_5,4,4,rottenbanana,rottenbanana,0.96686804
train/rottenbanana/Screen Shot 2018-06-12 at 9.05.02 PM.png,rottenbanana,Screen Shot 2018-06-12 at 9.05.02 PM.png,Screen Shot 2018-06-12 at 9.05.02 PM.png_rottenbanana,2018-06-12 21:05:02,rottenbanana::block_5,4,4,rottenbanana,rottenbanana,0.9263317
train/rottenbanana/Screen Shot 2018-06-12 at 9.05.08 PM.png,rottenbanana,Screen Shot 2018-06-12 at 9.05.08 PM.png,Screen Shot 2018-06-12 at 9.05.08 PM.png_rottenbanana,2018-06-12 21:05:08,rottenbanana::block_5,4,4,rottenbanana,rottenbanana,0.9965411
train/rottenbanana/Screen Shot 2018-06-12 at 9.05.12 PM.png,rottenbanana,Screen Shot 2018-06-12 at 9.05.12 PM.png,Screen Shot 2018-06-12 at 9.05.12 PM.png_rottenbanana,2018-06-12 21:05:12,rottenbanana::block_5,4,4,rottenbanana,rottenbanana,0.96962094
train/rottenbanana/Screen Shot 2018-06-12 at 9.05.21 PM.png,rottenbanana,Screen Shot 2018-06-12 at 9.05.21 PM.png,Screen Shot 2018-06-12 at 9.05.21 PM.png_rottenbanana,2018-06-12 21:05:21,rottenbanana::block_5,4,4,rottenbanana,rottenbanana,0.84479815
train/rottenbanana/Screen Shot 2018-06-12 at 9.05.32 PM.png,rottenbanana,Screen Shot 2018-06-12 at 9.05.32 PM.png,Screen Shot 2018-06-12 at 9.05.32 PM.png_rottenbanana,2018-06-12 21:05:32,rottenbanana::block_5,4,4,rottenbanana,rottenbanana,0.9787066
test/rottenbanana/Screen Shot 2018-06-12 at 9.05.37 PM.png,rottenbanana,Screen Shot 2018-06-12 at 9.05.37 PM.png,Screen Shot 2018-06-12 at 9.05.37 PM.png_rottenbanana,2018-06-12 21:05:37,rottenbanana::block_5,4,4,rottenbanana,rottenbanana,0.941654
train/rottenbanana/Screen Shot 2018-06-12 at 9.05.43 PM.png,rottenbanana,Screen Shot 2018-06-12 at 9.05.43 PM.png,Screen Shot 2018-06-12 at 9.05.43 PM.png_rottenbanana,2018-06-12 21:05:43,rottenbanana::block_5,4,4,rottenbanana,rottenbanana,0.951945
train/rottenbanana/Screen Shot 2018-06-12 at 9.05.52 PM.png,rottenbanana,Screen Shot 2018-06-12 at 9.05.52 PM.png,Screen Shot 2018-06-12 at 9.05.52 PM.png_rottenbanana,2018-06-12 21:05:52,rottenbanana::block_5,4,4,rottenbanana,rottenbanana,0.61625105
train/rottenbanana/Screen Shot 2018-06-12 at 9.12.11 PM.png,rottenbanana,Screen Shot 2018-06-12 at 9.12.11 PM.png,Screen Shot 2018-06-12 at 9.12.11 PM.png_rottenbanana,2018-06-12 21:12:11,rottenbanana::block_8,4,4,rottenbanana,rottenbanana,0.98958105
train/rottenbanana/Screen Shot 2018-06-12 at 9.12.17 PM.png,rottenbanana,Screen Shot 2018-06-12 at 9.12.17 PM.png,Screen Shot 2018-06-12 at 9.12.17 PM.png_rottenbanana,2018-06-12 21:12:17,rottenbanana::block_8,4,4,rottenbanana,rottenbanana,0.98620516
train/rottenbanana/Screen Shot 2018-06-12 at 9.12.27 PM.png,rottenbanana,Screen Shot 2018-06-12 at 9.12.27 PM.png,Screen Shot 2018-06-12 at 9.12.27 PM.png_rottenbanana,2018-06-12 21:12:27,rottenbanana::block_8,4,4,rottenbanana,rottenbanana,0.74216896
train/rottenbanana/Screen Shot 2018-06-12 at 9.12.32 PM.png,rottenbanana,Screen Shot 2018-06-12 at 9.12.32 PM.png,Screen Shot 2018-06-12 at 9.12.32 PM.png_rottenbanana,2018-06-12 21:12:32,rottenbanana::block_8,4,3,rottenbanana,rottenapples,0.5845985
train/rottenbanana/Screen Shot 2018-06-12 at 9.12.37 PM.png,rottenbanana,Screen Shot 2018-06-12 at 9.12.37 PM.png,Screen Shot 2018-06-12 at 9.12.37 PM.png_rottenbanana,2018-06-12 21:12:37,rottenbanana::block_8,4,4,rottenbanana,rottenbanana,0.87925446
test/rottenbanana/Screen Shot 2018-06-12 at 9.12.40 PM.png,rottenbanana,Screen Shot 2018-06-12 at 9.12.40 PM.png,Screen Shot 2018-06-12 at 9.12.40 PM.png_rottenbanana,2018-06-12 21:12:40,rottenbanana::block_8,4,4,rottenbanana,rottenbanana,0.8009862
test/rottenbanana/Screen Shot 2018-06-12 at 9.12.45 PM.png,rottenbanana,Screen Shot 2018-06-12 at 9.12.45 PM.png,Screen Shot 2018-06-12 at 9.12.45 PM.png_rottenbanana,2018-06-12 21:12:45,rottenbanana::block_8,4,4,rottenbanana,rottenbanana,0.67350394
train/rottenbanana/Screen Shot 2018-06-12 at 9.12.49 PM.png,rottenbanana,Screen Shot 2018-06-12 at 9.12.49 PM.png,Screen Shot 2018-06-12 at 9.12.49 PM.png_rottenbanana,2018-06-12 21:12:49,rottenbanana::block_8,4,4,rottenbanana,rottenbanana,0.91064584
test/rottenbanana/Screen Shot 2018-06-12 at 9.12.57 PM.png,rottenbanana,Screen Shot 2018-06-12 at 9.12.57 PM.png,Screen Shot 2018-06-12 at 9.12.57 PM.png_rottenbanana,2018-06-12 21:12:57,rottenbanana::block_8,4,4,rottenbanana,rottenbanana,0.9665991
train/rottenbanana/Screen Shot 2018-06-12 at 9.13.04 PM.png,rottenbanana,Screen Shot 2018-06-12 at 9.13.04 PM.png,Screen Shot 2018-06-12 at 9.13.04 PM.png_rottenbanana,2018-06-12 21:13:04,rottenbanana::block_8,4,3,rottenbanana,rottenapples,0.55955684
train/rottenbanana/Screen Shot 2018-06-12 at 9.13.10 PM.png,rottenbanana,Screen Shot 2018-06-12 at 9.13.10 PM.png,Screen Shot 2018-06-12 at 9.13.10 PM.png_rottenbanana,2018-06-12 21:13:10,rottenbanana::block_8,4,4,rottenbanana,rottenbanana,0.8271734
test/rottenbanana/Screen Shot 2018-06-12 at 9.13.16 PM.png,rottenbanana,Screen Shot 2018-06-12 at 9.13.16 PM.png,Screen Shot 2018-06-12 at 9.13.16 PM.png_rottenbanana,2018-06-12 21:13:16,rottenbanana::block_8,4,5,rottenbanana,rottenoranges,0.6023969
test/rottenbanana/Screen Shot 2018-06-12 at 9.13.21 PM.png,rottenbanana,Screen Shot 2018-06-12 at 9.13.21 PM.png,Screen Shot 2018-06-12 at 9.13.21 PM.png_rottenbanana,2018-06-12 21:13:21,rottenbanana::block_8,4,4,rottenbanana,rottenbanana,0.9263001
train/rottenbanana/Screen Shot 2018-06-12 at 9.13.28 PM.png,rottenbanana,Screen Shot 2018-06-12 at 9.13.28 PM.png,Screen Shot 2018-06-12 at 9.13.28 PM.png_rottenbanana,2018-06-12 21:13:28,rottenbanana::block_8,4,4,rottenbanana,rottenbanana,0.9937033
test/rottenbanana/Screen Shot 2018-06-12 at 9.13.34 PM.png,rottenbanana,Screen Shot 2018-06-12 at 9.13.34 PM.png,Screen Shot 2018-06-12 at 9.13.34 PM.png_rottenbanana,2018-06-12 21:13:34,rottenbanana::block_8,4,4,rottenbanana,rottenbanana,0.99166816
train/rottenbanana/Screen Shot 2018-06-12 at 9.13.39 PM.png,rottenbanana,Screen Shot 2018-06-12 at 9.13.39 PM.png,Screen Shot 2018-06-12 at 9.13.39 PM.png_rottenbanana,2018-06-12 21:13:39,rottenbanana::block_8,4,4,rottenbanana,rottenbanana,0.9923041
test/rottenbanana/Screen Shot 2018-06-12 at 9.13.44 PM.png,rottenbanana,Screen Shot 2018-06-12 at 9.13.44 PM.png,Screen Shot 2018-06-12 at 9.13.44 PM.png_rottenbanana,2018-06-12 21:13:44,rottenbanana::block_8,4,4,rottenbanana,rottenbanana,0.94070035
test/rottenbanana/Screen Shot 2018-06-12 at 9.13.48 PM.png,rottenbanana,Screen Shot 2018-06-12 at 9.13.48 PM.png,Screen Shot 2018-06-12 at 9.13.48 PM.png_rottenbanana,2018-06-12 21:13:48,rottenbanana::block_8,4,4,rottenbanana,rottenbanana,0.8937181
train/rottenbanana/Screen Shot 2018-06-12 at 9.13.54 PM.png,rottenbanana,Screen Shot 2018-06-12 at 9.13.54 PM.png,Screen Shot 2018-06-12 at 9.13.54 PM.png_rottenbanana,2018-06-12 21:13:54,rottenbanana::block_8,4,4,rottenbanana,rottenbanana,0.7357412
train/rottenbanana/Screen Shot 2018-06-12 at 9.14.01 PM.png,rottenbanana,Screen Shot 2018-06-12 at 9.14.01 PM.png,Screen Shot 2018-06-12 at 9.14.01 PM.png_rottenbanana,2018-06-12 21:14:01,rottenbanana::block_8,4,4,rottenbanana,rottenbanana,0.99815696
test/rottenbanana/Screen Shot 2018-06-12 at 9.14.07 PM.png,rottenbanana,Screen Shot 2018-06-12 at 9.14.07 PM.png,Screen Shot 2018-06-12 at 9.14.07 PM.png_rottenbanana,2018-06-12 21:14:07,rottenbanana::block_8,4,4,rottenbanana,rottenbanana,0.9962907
train/rottenbanana/Screen Shot 2018-06-12 at 9.14.13 PM.png,rottenbanana,Screen Shot 2018-06-12 at 9.14.13 PM.png,Screen Shot 2018-06-12 at 9.14.13 PM.png_rottenbanana,2018-06-12 21:14:13,rottenbanana::block_8,4,4,rottenbanana,rottenbanana,0.9971988
test/rottenbanana/Screen Shot 2018-06-12 at 9.14.22 PM.png,rottenbanana,Screen Shot 2018-06-12 at 9.14.22 PM.png,Screen Shot 2018-06-12 at 9.14.22 PM.png_rottenbanana,2018-06-12 21:14:22,rottenbanana::block_8,4,4,rottenbanana,rottenbanana,0.9979369
train/rottenbanana/Screen Shot 2018-06-12 at 9.14.28 PM.png,rottenbanana,Screen Shot 2018-06-12 at 9.14.28 PM.png,Screen Shot 2018-06-12 at 9.14.28 PM.png_rottenbanana,2018-06-12 21:14:28,rottenbanana::block_8,4,4,rottenbanana,rottenbanana,0.98136777
train/rottenbanana/Screen Shot 2018-06-12 at 9.14.43 PM.png,rottenbanana,Screen Shot 2018-06-12 at 9.14.43 PM.png,Screen Shot 2018-06-12 at 9.14.43 PM.png_rottenbanana,2018-06-12 21:14:43,rottenbanana::block_8,4,4,rottenbanana,rottenbanana,0.9945262
train/freshbanana/Screen Shot 2018-06-12 at 9.56.56 PM.png,freshbanana,Screen Shot 2018-06-12 at 9.56.56 PM.png,Screen Shot 2018-06-12 at 9.56.56 PM.png_freshbanana,2018-06-12 21:56:56,freshbanana::block_6,1,1,freshbanana,freshbanana,0.984516
train/freshbanana/Screen Shot 2018-06-12 at 9.57.02 PM.png,freshbanana,Screen Shot 2018-06-12 at 9.57.02 PM.png,Screen Shot 2018-06-12 at 9.57.02 PM.png_freshbanana,2018-06-12 21:57:02,freshbanana::block_6,1,1,freshbanana,freshbanana,0.9806175
train/freshbanana/Screen Shot 2018-06-12 at 9.57.08 PM.png,freshbanana,Screen Shot 2018-06-12 at 9.57.08 PM.png,Screen Shot 2018-06-12 at 9.57.08 PM.png_freshbanana,2018-06-12 21:57:08,freshbanana::block_6,1,1,freshbanana,freshbanana,0.9331761
test/freshbanana/Screen Shot 2018-06-12 at 9.57.17 PM.png,freshbanana,Screen Shot 2018-06-12 at 9.57.17 PM.png,Screen Shot 2018-06-12 at 9.57.17 PM.png_freshbanana,2018-06-12 21:57:17,freshbanana::block_6,1,1,freshbanana,freshbanana,0.98249626
test/freshbanana/Screen Shot 2018-06-12 at 9.57.25 PM.png,freshbanana,Screen Shot 2018-06-12 at 9.57.25 PM.png,Screen Shot 2018-06-12 at 9.57.25 PM.png_freshbanana,2018-06-12 21:57:25,freshbanana::block_6,1,1,freshbanana,freshbanana,0.97637796
test/freshbanana/Screen Shot 2018-06-12 at 9.57.31 PM.png,freshbanana,Screen Shot 2018-06-12 at 9.57.31 PM.png,Screen Shot 2018-06-12 at 9.57.31 PM.png_freshbanana,2018-06-12 21:57:31,freshbanana::block_6,1,1,freshbanana,freshbanana,0.9933825
train/freshbanana/Screen Shot 2018-06-12 at 9.57.38 PM.png,freshbanana,Screen Shot 2018-06-12 at 9.57.38 PM.png,Screen Shot 2018-06-12 at 9.57.38 PM.png_freshbanana,2018-06-12 21:57:38,freshbanana::block_6,1,1,freshbanana,freshbanana,0.989421
train/freshbanana/Screen Shot 2018-06-12 at 9.57.42 PM.png,freshbanana,Screen Shot 2018-06-12 at 9.57.42 PM.png,Screen Shot 2018-06-12 at 9.57.42 PM.png_freshbanana,2018-06-12 21:57:42,freshbanana::block_6,1,1,freshbanana,freshbanana,0.9925053
train/freshbanana/Screen Shot 2018-06-12 at 9.57.46 PM.png,freshbanana,Screen Shot 2018-06-12 at 9.57.46 PM.png,Screen Shot 2018-06-12 at 9.57.46 PM.png_freshbanana,2018-06-12 21:57:46,freshbanana::block_6,1,1,freshbanana,freshbanana,0.9949
train/freshbanana/Screen Shot 2018-06-12 at 9.57.58 PM.png,freshbanana,Screen Shot 2018-06-12 at 9.57.58 PM.png,Screen Shot 2018-06-12 at 9.57.58 PM.png_freshbanana,2018-06-12 21:57:58,freshbanana::block_6,1,1,freshbanana,freshbanana,0.699578
train/freshbanana/Screen Shot 2018-06-12 at 9.58.07 PM.png,freshbanana,Screen Shot 2018-06-12 at 9.58.07 PM.png,Screen Shot 2018-06-12 at 9.58.07 PM.png_freshbanana,2018-06-12 21:58:07,freshbanana::block_6,1,1,freshbanana,freshbanana,0.94097894
train/freshbanana/Screen Shot 2018-06-12 at 9.58.16 PM.png,freshbanana,Screen Shot 2018-06-12 at 9.58.16 PM.png,Screen Shot 2018-06-12 at 9.58.16 PM.png_freshbanana,2018-06-12 21:58:16,freshbanana::block_6,1,1,freshbanana,freshbanana,0.9005242
test/freshbanana/Screen Shot 2018-06-12 at 9.58.36 PM.png,freshbanana,Screen Shot 2018-06-12 at 9.58.36 PM.png,Screen Shot 2018-06-12 at 9.58.36 PM.png_freshbanana,2018-06-12 21:58:36,freshbanana::block_6,1,1,freshbanana,freshbanana,0.9224227
train/freshbanana/Screen Shot 2018-06-12 at 9.58.49 PM.png,freshbanana,Screen Shot 2018-06-12 at 9.58.49 PM.png,Screen Shot 2018-06-12 at 9.58.49 PM.png_freshbanana,2018-06-12 21:58:49,freshbanana::block_6,1,1,freshbanana,freshbanana,0.9734257
test/freshbanana/Screen Shot 2018-06-12 at 9.58.56 PM.png,freshbanana,Screen Shot 2018-06-12 at 9.58.56 PM.png,Screen Shot 2018-06-12 at 9.58.56 PM.png_freshbanana,2018-06-12 21:58:56,freshbanana::block_6,1,1,freshbanana,freshbanana,0.9493798
train/freshbanana/Screen Shot 2018-06-12 at 9.59.02 PM.png,freshbanana,Screen Shot 2018-06-12 at 9.59.02 PM.png,Screen Shot 2018-06-12 at 9.59.02 PM.png_freshbanana,2018-06-12 21:59:02,freshbanana::block_6,1,1,freshbanana,freshbanana,0.98311347
train/freshbanana/Screen Shot 2018-06-12 at 9.59.07 PM.png,freshbanana,Screen Shot 2018-06-12 at 9.59.07 PM.png,Screen Shot 2018-06-12 at 9.59.07 PM.png_freshbanana,2018-06-12 21:59:07,freshbanana::block_6,1,1,freshbanana,freshbanana,0.75428164
train/freshbanana/Screen Shot 2018-06-12 at 9.59.12 PM.png,freshbanana,Screen Shot 2018-06-12 at 9.59.12 PM.png,Screen Shot 2018-06-12 at 9.59.12 PM.png_freshbanana,2018-06-12 21:59:12,freshbanana::block_6,1,1,freshbanana,freshbanana,0.7438768
train/freshbanana/Screen Shot 2018-06-12 at 9.59.17 PM.png,freshbanana,Screen Shot 2018-06-12 at 9.59.17 PM.png,Screen Shot 2018-06-12 at 9.59.17 PM.png_freshbanana,2018-06-12 21:59:17,freshbanana::block_6,1,1,freshbanana,freshbanana,0.975582
train/freshbanana/Screen Shot 2018-06-12 at 9.59.28 PM.png,freshbanana,Screen Shot 2018-06-12 at 9.59.28 PM.png,Screen Shot 2018-06-12 at 9.59.28 PM.png_freshbanana,2018-06-12 21:59:28,freshbanana::block_6,1,1,freshbanana,freshbanana,0.80424774
train/freshbanana/Screen Shot 2018-06-12 at 9.59.35 PM.png,freshbanana,Screen Shot 2018-06-12 at 9.59.35 PM.png,Screen Shot 2018-06-12 at 9.59.35 PM.png_freshbanana,2018-06-12 21:59:35,freshbanana::block_6,1,1,freshbanana,freshbanana,0.9861912
train/freshbanana/Screen Shot 2018-06-12 at 9.59.41 PM.png,freshbanana,Screen Shot 2018-06-12 at 9.59.41 PM.png,Screen Shot 2018-06-12 at 9.59.41 PM.png_freshbanana,2018-06-12 21:59:41,freshbanana::block_6,1,1,freshbanana,freshbanana,0.95986855
test/freshbanana/Screen Shot 2018-06-12 at 9.59.48 PM.png,freshbanana,Screen Shot 2018-06-12 at 9.59.48 PM.png,Screen Shot 2018-06-12 at 9.59.48 PM.png_freshbanana,2018-06-12 21:59:48,freshbanana::block_6,1,1,freshbanana,freshbanana,0.98397774
train/freshoranges/Screen Shot 2018-06-13 at 12.16.08 AM.png,freshoranges,Screen Shot 2018-06-13 at 12.16.08 AM.png,Screen Shot 2018-06-13 at 12.16.08 AM.png_freshoranges,2018-06-13 00:16:08,freshoranges::block_7,2,2,freshoranges,freshoranges,0.9767294
train/freshoranges/Screen Shot 2018-06-13 at 12.16.16 AM.png,freshoranges,Screen Shot 2018-06-13 at 12.16.16 AM.png,Screen Shot 2018-06-13 at 12.16.16 AM.png_freshoranges,2018-06-13 00:16:16,freshoranges::block_7,2,2,freshoranges,freshoranges,0.9336147
train/freshoranges/Screen Shot 2018-06-13 at 12.16.22 AM.png,freshoranges,Screen Shot 2018-06-13 at 12.16.22 AM.png,Screen Shot 2018-06-13 at 12.16.22 AM.png_freshoranges,2018-06-13 00:16:22,freshoranges::block_7,2,2,freshoranges,freshoranges,0.9637057
test/freshoranges/Screen Shot 2018-06-13 at 12.16.33 AM.png,freshoranges,Screen Shot 2018-06-13 at 12.16.33 AM.png,Screen Shot 2018-06-13 at 12.16.33 AM.png_freshoranges,2018-06-13 00:16:33,freshoranges::block_7,2,5,freshoranges,rottenoranges,0.6603658
train/freshoranges/Screen Shot 2018-06-13 at 12.16.45 AM.png,freshoranges,Screen Shot 2018-06-13 at 12.16.45 AM.png,Screen Shot 2018-06-13 at 12.16.45 AM.png_freshoranges,2018-06-13 00:16:45,freshoranges::block_7,2,2,freshoranges,freshoranges,0.75414985
train/freshoranges/Screen Shot 2018-06-13 at 12.16.54 AM.png,freshoranges,Screen Shot 2018-06-13 at 12.16.54 AM.png,Screen Shot 2018-06-13 at 12.16.54 AM.png_freshoranges,2018-06-13 00:16:54,freshoranges::block_7,2,2,freshoranges,freshoranges,0.86164707
train/freshoranges/Screen Shot 2018-06-13 at 12.17.01 AM.png,freshoranges,Screen Shot 2018-06-13 at 12.17.01 AM.png,Screen Shot 2018-06-13 at 12.17.01 AM.png_freshoranges,2018-06-13 00:17:01,freshoranges::block_7,2,2,freshoranges,freshoranges,0.80686545
train/freshoranges/Screen Shot 2018-06-13 at 12.17.05 AM.png,freshoranges,Screen Shot 2018-06-13 at 12.17.05 AM.png,Screen Shot 2018-06-13 at 12.17.05 AM.png_freshoranges,2018-06-13 00:17:05,freshoranges::block_7,2,2,freshoranges,freshoranges,0.83875066
train/freshoranges/Screen Shot 2018-06-13 at 12.17.10 AM.png,freshoranges,Screen Shot 2018-06-13 at 12.17.10 AM.png,Screen Shot 2018-06-13 at 12.17.10 AM.png_freshoranges,2018-06-13 00:17:10,freshoranges::block_7,2,2,freshoranges,freshoranges,0.86385185
train/freshoranges/Screen Shot 2018-06-13 at 12.17.19 AM.png,freshoranges,Screen Shot 2018-06-13 at 12.17.19 AM.png,Screen Shot 2018-06-13 at 12.17.19 AM.png_freshoranges,2018-06-13 00:17:19,freshoranges::block_7,2,2,freshoranges,freshoranges,0.94785386
train/freshoranges/Screen Shot 2018-06-13 at 12.17.31 AM.png,freshoranges,Screen Shot 2018-06-13 at 12.17.31 AM.png,Screen Shot 2018-06-13 at 12.17.31 AM.png_freshoranges,2018-06-13 00:17:31,freshoranges::block_7,2,2,freshoranges,freshoranges,0.8155114
test/freshoranges/Screen Shot 2018-06-13 at 12.17.37 AM.png,freshoranges,Screen Shot 2018-06-13 at 12.17.37 AM.png,Screen Shot 2018-06-13 at 12.17.37 AM.png_freshoranges,2018-06-13 00:17:37,freshoranges::block_7,2,2,freshoranges,freshoranges,0.9712497
test/freshoranges/Screen Shot 2018-06-13 at 12.17.43 AM.png,freshoranges,Screen Shot 2018-06-13 at 12.17.43 AM.png,Screen Shot 2018-06-13 at 12.17.43 AM.png_freshoranges,2018-06-13 00:17:43,freshoranges::block_7,2,2,freshoranges,freshoranges,0.9534686
train/freshoranges/Screen Shot 2018-06-13 at 12.17.51 AM.png,freshoranges,Screen Shot 2018-06-13 at 12.17.51 AM.png,Screen Shot 2018-06-13 at 12.17.51 AM.png_freshoranges,2018-06-13 00:17:51,freshoranges::block_7,2,2,freshoranges,freshoranges,0.99259114
train/freshoranges/Screen Shot 2018-06-13 at 12.17.55 AM.png,freshoranges,Screen Shot 2018-06-13 at 12.17.55 AM.png,Screen Shot 2018-06-13 at 12.17.55 AM.png_freshoranges,2018-06-13 00:17:55,freshoranges::block_7,2,5,freshoranges,rottenoranges,0.5363822
train/freshoranges/Screen Shot 2018-06-13 at 12.18.02 AM.png,freshoranges,Screen Shot 2018-06-13 at 12.18.02 AM.png,Screen Shot 2018-06-13 at 12.18.02 AM.png_freshoranges,2018-06-13 00:18:02,freshoranges::block_7,2,2,freshoranges,freshoranges,0.74772215
test/freshoranges/Screen Shot 2018-06-13 at 12.18.07 AM.png,freshoranges,Screen Shot 2018-06-13 at 12.18.07 AM.png,Screen Shot 2018-06-13 at 12.18.07 AM.png_freshoranges,2018-06-13 00:18:07,freshoranges::block_7,2,2,freshoranges,freshoranges,0.8012772
train/freshoranges/Screen Shot 2018-06-13 at 12.18.23 AM.png,freshoranges,Screen Shot 2018-06-13 at 12.18.23 AM.png,Screen Shot 2018-06-13 at 12.18.23 AM.png_freshoranges,2018-06-13 00:18:23,freshoranges::block_7,2,2,freshoranges,freshoranges,0.85528827
train/freshoranges/Screen Shot 2018-06-13 at 12.18.27 AM.png,freshoranges,Screen Shot 2018-06-13 at 12.18.27 AM.png,Screen Shot 2018-06-13 at 12.18.27 AM.png_freshoranges,2018-06-13 00:18:27,freshoranges::block_7,2,2,freshoranges,freshoranges,0.95269424
test/freshoranges/Screen Shot 2018-06-13 at 12.18.34 AM.png,freshoranges,Screen Shot 2018-06-13 at 12.18.34 AM.png,Screen Shot 2018-06-13 at 12.18.34 AM.png_freshoranges,2018-06-13 00:18:34,freshoranges::block_7,2,2,freshoranges,freshoranges,0.43741712
test/freshoranges/Screen Shot 2018-06-13 at 12.18.40 AM.png,freshoranges,Screen Shot 2018-06-13 at 12.18.40 AM.png,Screen Shot 2018-06-13 at 12.18.40 AM.png_freshoranges,2018-06-13 00:18:40,freshoranges::block_7,2,2,freshoranges,freshoranges,0.9320658
train/freshoranges/Screen Shot 2018-06-13 at 12.18.52 AM.png,freshoranges,Screen Shot 2018-06-13 at 12.18.52 AM.png,Screen Shot 2018-06-13 at 12.18.52 AM.png_freshoranges,2018-06-13 00:18:52,freshoranges::block_7,2,2,freshoranges,freshoranges,0.98618543
train/freshoranges/Screen Shot 2018-06-13 at 12.19.08 AM.png,freshoranges,Screen Shot 2018-06-13 at 12.19.08 AM.png,Screen Shot 2018-06-13 at 12.19.08 AM.png_freshoranges,2018-06-13 00:19:08,freshoranges::block_7,2,2,freshoranges,freshoranges,0.8846097
train/freshoranges/Screen Shot 2018-06-13 at 12.19.17 AM.png,freshoranges,Screen Shot 2018-06-13 at 12.19.17 AM.png,Screen Shot 2018-06-13 at 12.19.17 AM.png_freshoranges,2018-06-13 00:19:17,freshoranges::block_7,2,2,freshoranges,freshoranges,0.9634849
train/freshoranges/Screen Shot 2018-06-13 at 12.19.36 AM.png,freshoranges,Screen Shot 2018-06-13 at 12.19.36 AM.png,Screen Shot 2018-06-13 at 12.19.36 AM.png_freshoranges,2018-06-13 00:19:36,freshoranges::block_7,2,2,freshoranges,freshoranges,0.6676875
train/freshoranges/Screen Shot 2018-06-13 at 12.19.43 AM.png,freshoranges,Screen Shot 2018-06-13 at 12.19.43 AM.png,Screen Shot 2018-06-13 at 12.19.43 AM.png_freshoranges,2018-06-13 00:19:43,freshoranges::block_8,2,2,freshoranges,freshoranges,0.87853
train/freshoranges/Screen Shot 2018-06-13 at 12.20.06 AM.png,freshoranges,Screen Shot 2018-06-13 at 12.20.06 AM.png,Screen Shot 2018-06-13 at 12.20.06 AM.png_freshoranges,2018-06-13 00:20:06,freshoranges::block_8,2,0,freshoranges,freshapples,0.9891644
train/freshoranges/Screen Shot 2018-06-13 at 12.20.15 AM.png,freshoranges,Screen Shot 2018-06-13 at 12.20.15 AM.png,Screen Shot 2018-06-13 at 12.20.15 AM.png_freshoranges,2018-06-13 00:20:15,freshoranges::block_8,2,0,freshoranges,freshapples,0.99952257
train/freshoranges/Screen Shot 2018-06-13 at 12.20.21 AM.png,freshoranges,Screen Shot 2018-06-13 at 12.20.21 AM.png,Screen Shot 2018-06-13 at 12.20.21 AM.png_freshoranges,2018-06-13 00:20:21,freshoranges::block_8,2,0,freshoranges,freshapples,0.9673379
train/freshoranges/Screen Shot 2018-06-13 at 12.20.25 AM.png,freshoranges,Screen Shot 2018-06-13 at 12.20.25 AM.png,Screen Shot 2018-06-13 at 12.20.25 AM.png_freshoranges,2018-06-13 00:20:25,freshoranges::block_8,2,0,freshoranges,freshapples,0.8876445
train/freshoranges/Screen Shot 2018-06-13 at 12.20.39 AM.png,freshoranges,Screen Shot 2018-06-13 at 12.20.39 AM.png,Screen Shot 2018-06-13 at 12.20.39 AM.png_freshoranges,2018-06-13 00:20:39,freshoranges::block_8,2,0,freshoranges,freshapples,0.88774925
